Dataset,Observations,pairA,Unip.chain.pairA,pairB,Unip.chain.pairB,pair.orig.Chen,pair.Anas.file,IN.orig.Chen,In.Anas,To.retain4predictor,retainedID,resSF.pdb.pairA,resSF.pdb.pairB,""
ChenS1,97% seq.id,1G2CF,P11209,5C6BF,P03420/Q38650,5,1,Y,Y,N,-,,,
ChenS1,100% seq.id,3ZXGB,O18423,5EC5P,O18423,49,2,Y,Y,Y,47,45-98,45-99,
ChenS1,100% seq.id,1UXMK,P00441,2NAMA,P00441,23,3,Y,Y,Y,21,1-152,1-152,
ChenS1,removed.Erratum,1FZPD,PDB Not Found,2FRHA,Q7A1N5,4,4,Y,Y,N,-,,,
ChenS1,100% seq.id,4YHDG,P09616,7AHLE,P09616,66,4,Y,Y,Y,63,100-152,100-152,
ChenS1,100% seq.id,5AOEB,Q7ZAK5,5LY6B,Q04IN8,67,5,Y,Y,Y,64,156-283,156-283,
ChenS1,100% seq.id,1JTIB,P01012,1OVAA,P01012,10,6,Y,Y,Y,8,313-362,319-369,
ChenS1,100% seq.id,2VFXL,Q13257,3GMHL,Q13257,84,7,Y,Y,Y,79,165-202,165-202,
ChenS1,100% seq.id,3LOWA,P61769,3M1BF,P61769,41,8,Y,Y,Y,39,51-96,51-96,
ChenS1,100% seq.id,3J7VG,P19726,3J7WB,P19726,36,9,Y,Y,Y,34,23-42,22-42,N-term helix?
ChenS1,100% seq.id,2BZYB,P46109,2LQWA,P46109,33,10,Y,Y,Y,31,1-66,237-298,movement bc partial helix
ChenS1,100% seq.id,1WP8C,O89342,5EJBC,O89342,24,11,Y,Y,Y,22,143-177,143-177,
ChenS1,100% seq.id,1HTMB,P03437,5HMGB,P03437,7,13,Y,Y,Y,5,73-153,73-171,
ChenS1,100% seq.id,2JMRA,P08189,4J3OF,P08189,71,14,Y,Y,Y,67,2-26,1-25,N-terminal-short E?
ChenS1,100% seq.id,2LEPA,P09391,4HDDA,P09391,76,15,Y,Y,?,72,18-33,18-33,domain movement along coiled region?
ChenS1,100% seq.id,1MIQB,O60989,1QS8B,O60989,14,16,Y,Y,Y,12,9-29,9-29,tubos raros
ChenS1,100% seq.id,4N9WA,A0QWG6,4NC9C,A0QWG6,57,17,Y,Y,Y,55,136-131,136-131,looks a problem with tmissing residues
ChenS1,100% seq.id,3J97M,P60881,1XTGB,P60880,37,18,Y,Y,?,35,163-202,163-202,looks an extension helix problem
ChenS1,100% seq.id,1IYTA,P05067,2NAOF,P05067,8,19,Y,Y,Y,6,15-41,15-41,helix to coil
ChenS1,100% seq.id,5C1VA,Q08209,5C1VB,Q08209,89,20,Y,Y,Y,84,305-335,305-335,
ChenS1,100% seq.id,4CMQB,Q99ZW2,4ZT0C,Q99ZW2,52,21,Y,Y,?,50,441-609,441-610,domain swapping bc movement√â
ChenS1,100% seq.id,2QKEA,Q79V61,5JYTA,Q79V61,81,22,Y,Y,Y,76,51-98,51-98,large  displacememt?
ChenS1,100% seq.id,2LEJA,P04156,2LV1A,P04156,75,23,Y,Y,?,71,113-124,113-124,"Not really, loops movement"
ChenS1,100% seq.id,1ZK9A,Q04863,3JV6A,Q04863,30,24,Y,Y,Y,28,316-334,316-334,binding of SO4 closes the structure
Porter.notChen,"In Porter, not in Chen",5K5GA,P10997,2KB8A,P10997,-,25,N,Y,Y,89,10-30,10-30,"very short, drastic change"
ChenS1,100% seq.id,4Q79F,A0A0F6C2F5,4UV2D,P0AEA2,60,26,Y,Y,Y,58,235-252,249-501,missing strcuture parts
ChenS1,100% seq.id,1WYYB,P59594,5WRGA,P59594,25,27,Y,Y,?,23,1147-1185,973-981,"problematic, missing structure in the regions"
ChenS1,98% seq.id,1EBOE,O11457,5FHCJ,Q05320,3,28,Y,Y,Y,3,54-98,544-579,
ChenS1,100% seq.id,1SVFC,P04849,4WSGC,P04849,22,29,Y,Y,Y,20,145-184,145-184,not sure if missing sequences around
ChenS1,100% seq.id,1NQDA,Q9X721,1NQJB,Q9X721,17,30,Y,Y,Y,15,895-906,895-906,"different binding to different ions, ClLi2, ca2, from Turn to helix"
ChenS1,100% seq.id,2UY7D,P04127,5FLUE,P04127,83,31,Y,Y,Y,78,8-30,6-30,NT beta-helix
ChenS1,100% seq.id,1QB3A,P20486,3QY2A,P20486,19,32,Y,Y,Y,17,91-105,91-105,CT beta to helix
ChenS1,100% seq.id,2LCLA,P0AFW0,2OUGC,P0AFW0,74,33,Y,Y,Y,70,101-161,115-157,"from all helix to all beta, but missing parts"
ChenS1,100% seq.id,1NOCA,P29477,1QOMB,P29477,16,34,Y,Y,Y,14,459-479,459-479,Nice example
ChenS1,100% seq.id,3L9QB,P49643,4RR2D,P49643,40,35,Y,Y,?,38,316-361,316-361,first stru incomplete region
ChenS1,100% seq.id,1NRJB,P36057,2GEDB,P36057,18,36,Y,Y,Y,16,77-95,77-95,"GTPASE???'differences, due to gtp binding"
ChenS1,100% seq.id,1DZLA,P03101,5KEQF,P03101,2,37,Y,Y,Y,2,410-443,410-443,HELIX TURN
ChenS1,100% seq.id,4XWSD,Q9HTL4,4Y0MJ,Q9HTL4,65,38,Y,Y,N,-,,,
ChenS1,fastas 100%seq.id,2C1UC,PDB Not Found,2C1VB,PDB Not Found,34,39,Y,Y,?,32,222-260,222-260,"same fold, totally diff arrangement"
Porter.notChen,"In Porter, not in Chen",4ZRBC,A0A0M3KL39,4ZRBH,A0A0M3KL39,-,40,N,Y,?,90,4-13,4-13,Nterminal helix???
ChenS1,100% seq.id,4QHFA,Q58610,4QHHA,Q58610,61,41,Y,Y,Y,59,75-95,75-95,Nice example
ChenS1,100% seq.id,4AALA,Q74FY6,4AANA,Q74FY6,50,42,Y,Y,Y,48,232-265,232-265,
ChenS1,100% seq.id,1X0GA,Q8DLM0,1X0GB,Q8DLM0,26,43,Y,Y,Y,24,1-36,1-36,
ChenS1,"mutant, found 4OW6/fasta 100% seq.id",4AE0A,P00588,4OW6B,PDB Not Found,51,44,Y,Y,?,49,258-264,258-264,missing data in the region
ChenS1,100% seq.id,1MNMC,P0CY08,1MNMD,P0CY08,15,45,Y,Y,Y,13,116-129,116-129,"helix to beta, nice"
ChenS1,100% seq.id,2MWFA,O14776,2NNTA,O14776,78,46,Y,Y,?,73,435-458,208-230,IDP???- all coiled-betas
ChenS1,100% seq.id,4JPHB,O88273,5HK5H,O88273,55,47,Y,Y,Y,53,50-69,50-69,maybe the binding of molecules stabilise
ChenS1,100% seq.id,3IFAA,O00757,5ET5A,O00757,35,48,Y,Y,?,33,9-26,9-30,et5a no data in this region
Porter.notChen,2A01C:removed for integrity,3K2SA,P02647,2A01C,PDB Not Found,-,49,N,Y,N,-,-,-,-
Porter.notChen,"In Porter, not in Chen",4FU4C,P45452,4G0DZ,P45452,-,50,N,Y,Y,91,31-43,31-43,very small fron coild to helix
ChenS1,100% seq.id,1H38D,P00573,1QLNA,P00573,6,51,Y,Y,Y,4,589-611;164-190,589-611;164-190,2 regions!!!!
ChenS1,100% seq.id,1XJTA,Q37875,1XJUB,Q37875,28,53,Y,Y,Y,26,39-65,39-65,missing regions
ChenS1,chimeric entity!,5B3ZA,Q13526/P0AEX9,5BMYA,Q13526/P0AEX9,68,52,Y,Y,N,-,,,
ChenS1,100% seq.id,3MEEA,P04585,4B3OB,P04585,42,55,Y,Y,Y,40,401-431,401-431, has an insertion in 214-230 which changes the whole arrangement
ChenS1,100% seq.id,3HDEA,P27359,3HDFA,P27359,88,54,Y,Y,?,83,134-151,134-151,missing first helix in one whisc stabilises the core
ChenS1,100% seq.id,4TWAA,Q8I5R7,4YDQB,Q8I5R7,64,56,Y,Y,Y,62,335-366,335-366,missing region there
ChenS1,100% seq.id,3EJHA,P02751,3M7PA,P02751,86,57,Y,Y,Y,81,516-536,516-536,
ChenS1,100% seq.id,1K0NA,O00299,1RK4B,O00299,11,58,Y,Y,Y,9,36-78,36-79,
ChenS1,100% seq.id,1XNTA,P18887,3LQCA,P18887,29,59,Y,Y,Y,27,17-39,17-39,
ChenS1,100% seq.id,2AXZA,Q04114,2GRMB,Q04114,32,60,Y,Y,Y,30,293-306,293-315,
ChenS1,100% seq.id,4GQCB,Q9YA14,4GQCC,Q9YA14,54,61,Y,Y,Y,52,46-60,46-60,
ChenS1,100% seq.id,4O01A,Q9RZA4,4O0PA,Q9RZA4,58,62,Y,Y,Y,56,466-479,466-479,Nice example
ChenS1,100% seq.id,4DXRA,Q9UH99,4DXTA,Q9UH99,53,63,Y,Y,Y,51,558-587,558-587,Nice example
ChenS1,100% seq.id,4RWNA,Q29599,4RWQB,Q29599,63,64,Y,Y,?,61,60-74,60-74,ion-ATP loop stabilisation?
ChenS1,100% seq.id,2HDMA,P47992,2N54B,P47992,70,65,Y,Y,Y,66,50-71,250-266,Nice example
ChenS1,100% seq.id,3VO9B,P0A029,3VPAD,P0A029,47,66,Y,Y,N,45,,,FALSO!!! Monomorfica!!!
ChenS1,100% seq.id,2P3VA,O33832,2P3VD,O33832,79,67,Y,Y,Y,74,1023-1039,4023-4039,peqnno cambio
ChenS1,100% seq.id,3ZWGN,B9W5G6,4TSYD,B9W5G6,48,68,Y,Y,Y,46,2-15,4-15,
ChenS1,100% seq.id,3EWSB,Q9UMR2,3G0HA,Q9UMR2,87,69,Y,Y,Y,82,74-81,74-84,missing data in the region
ChenS1,100% seq.id,3TP2A,Q12046,5LJ3M,Q12046,45,70,Y,Y,Y,43,3-45,3-45,Nice example
ChenS1,99% seq.id,2PBKB,Q2HRB6,3NJQA,P88911,80,71,Y,Y,Y,75,10-34,10-34,unsure.
ChenS1,100% seq.id,4RMBA,Q8E473,4RMBB,Q8E473,62,72,Y,Y,Y,60,628-642,628-642,unsure. Very small change
ChenS1,100% seq.id,2CE7C,Q9WZ49,3KDSG,Q9WZ49,69,73,Y,Y,Y,65,446-463,446-463,
ChenS1,100% seq.id,1KCTA,P01009,3T1PA,P01009,12,75,Y,Y,Y,10,281-391,281-391,old structure.
ChenS1,100% seq.id,2WCDX,P77335,4PHQA,P77335,85,74,Y,Y,Y,80,179-195,179-195,
ChenS1,100% seq.id,3J9CA,P13423,3Q8FA,P13423,38,76,Y,Y,?,36,331-360,331-360,3QF*.missin regions in region
ChenS1,100% seq.id,1JFKA,P38505,2NXQB,P38505,9,77,Y,Y,N,7,46-111,46-57,helix displacmente bc half structure
ChenS1,100% seq.id,5L35D,Q716H0,5L35G,Q716H0,93,78,Y,Y,Y,88,179-210,179-210,
ChenS1,100% seq.id,5I2MA,P0C2X0,5I2SA,P0C2X0,91,79,Y,Y,Y,86,383-410,383-410,big changes in other areas as well
ChenS1,100% seq.id,5F3KA,Q12931,5F5RB,Q12931,90,80,Y,Y,Y,85,83-106,83-106,
ChenS1,100% seq.id,2QQJA,O60462,4QDSA,O60462,82,81,Y,Y,?,77,433-452,433-452,"from H to Turn, likely bc a domain is missing"
ChenS1,100% seq.id,5JZHA,P09167,5JZTG,P09167,92,82,Y,Y,Y,87,215-278,215-278,spectacular change of sheets
ChenS1,100% seq.id,4PYIA,P21964,4PYJA,P21964,59,83,Y,Y,Y,57,253-266,253-266,diff binding molecules
ChenS1,100% seq.id,3MKOA,P07399,5INEA,P07399,43,84,Y,Y,Y,41,358-407,358-407,big changes
ChenS1,79% seq.id,1MBYA,Q64702,4YYPA,O00444,13,85,Y,Y,Y,11,908-919,956-964,
ChenS1,100% seq.id,2A73B,P01024,3L5NB,P01024,31,86,Y,Y,Y,29,1462-1498,1462-1498,they do not align at all!
ChenS1,100% seq.id,2K0QA,Q58AD3,2LELA,Q58AD3,72,87,Y,Y,Y,68,49-70,49-70,Nice example
ChenS1,100% seq.id,3UYIA,Q3L181,3V0TA,Q3L181,46,88,Y,Y,Y,44,205-219,205-219,Nice example
ChenS1,100% seq.id,3T5OA,P13671,4A5WB,P13671,44,89,Y,Y,Y,42,224-240,245-261,missing data after  the region
ChenS1,100% seq.id,1RKPA,O76074,2H44A,O76074,21,90,Y,Y,Y,19,656-676,656-676,Nice example
ChenS1,100% seq.id,1CEEB,P42768,2K42A,P42768,1,91,Y,Y,N,1,9-33,4-24,coiled regions both
ChenS1,100% seq.id,1XEZA,P09545,3O44A,P09545,27,92,Y,Y,N,25,293-310,293-310,FP: displacment of the same beta fold
ChenS1,100% seq.id,1REPC,P03856,2Z9OB,P03856,20,93,Y,Y,Y,18,139-156,139-165,creates an overall different folding
ChenS1,100% seq.id,3KUYA,P84233,5C3IF,P68431,39,94,Y,Y,?,37,53-62,53-62,coild to helix at Nterminos
ChenS1,100% seq.id,2KKWA,P37840,2N0AD,P37840,73,95,Y,Y,Y,69,1-138,1-138,IDP???- all coiled-heliz
ChenS1,100% seq.id,4M4RA,P54764,4W50B,P54764,56,96,Y,Y,Y,54,153-168,153-168,Nice example
ChenS1,synthetic constructs,2LHCA,PDB Not Found,2LHDA,PDB Not Found,77,-,Y,N,N,-,,,
